{"statuses":[{"retweet_count":0,"favorited":false,"created_at":"Tue Dec 06 22:21:26 +0000 2011","user":{"profile_link_color":"140e13","protected":false,"default_profile_image":false,"following":true,"created_at":"Sat Apr 03 17:18:50 +0000 2010","friends_count":793,"name":"Keyla Flores G.","notifications":false,"profile_background_color":"1f181d","is_translator":false,"statuses_count":7818,"profile_background_tile":true,"utc_offset":-36000,"description":"25. Margarite\u00f1isima, del signo Leo, salgo todos los dias a trabajar para tener lo que quiero, mi tiempo es oro no me hagas perderlo. ","default_profile":false,"profile_background_image_url_https":"https:\/\/si0.twimg.com\/profile_background_images\/360355023\/IMG-20111106-00051.jpg","favourites_count":18,"profile_sidebar_fill_color":"75e3ff","follow_request_sent":true,"geo_enabled":false,"profile_sidebar_border_color":"405ed6","location":"Habitaci\u00f3n con vista al mar","show_all_inline_media":false,"lang":"es","profile_image_url_https":"https:\/\/si0.twimg.com\/profile_images\/1665180289\/330642345_normal.jpg","screen_name":"KeysSFlores","listed_count":5,"verified":false,"profile_use_background_image":true,"time_zone":"Hawaii","profile_text_color":"f5f5f5","id":129248213,"id_str":"129248213","contributors_enabled":false,"profile_background_image_url":"http:\/\/a0.twimg.com\/profile_background_images\/360355023\/IMG-20111106-00051.jpg","followers_count":383,"profile_image_url":"http:\/\/a1.twimg.com\/profile_images\/1665180289\/330642345_normal.jpg"},"retweeted":false,"truncated":false,"entities":{"urls":[],"hashtags":[],"user_mentions":[{"name":"Nelson Herrero","indices":[29,39],"screen_name":"nhgdesign","id":28721814,"id_str":"28721814"}]},"source":"\u003Ca href=\"http:\/\/ubersocial.com\" rel=\"nofollow\"\u003EUberSocial for BlackBerry\u003C\/a\u003E","id":144179670739456000,"id_str":"144179670739456000","text":"No te perdiste de nada bueno @nhgdesign"},{"retweet_count":0,"favorited":false,"created_at":"Tue Dec 06 22:21:26 +0000 2011","user":{"profile_link_color":"0084B4","protected":false,"default_profile_image":false,"following":true,"created_at":"Sun Nov 28 05:04:29 +0000 2010","friends_count":279,"name":"Adrian Mendoza ","notifications":false,"profile_background_color":"C0DEED","is_translator":false,"statuses_count":15484,"profile_background_tile":true,"utc_offset":-18000,"description":"Cuenta NO VERIFICADA \u2611 Ah tod@ que me sigue le Devuelvo el follow! Te amoo CLUBSPORTEMELEC ! ","default_profile":false,"profile_background_image_url_https":"https:\/\/si0.twimg.com\/profile_background_images\/264010981\/2441267062352500195.jpg","favourites_count":39,"profile_sidebar_fill_color":"DDEEF6","follow_request_sent":true,"geo_enabled":true,"profile_sidebar_border_color":"C0DEED","location":"Lejos de aqui, cerca de alla","show_all_inline_media":false,"lang":"es","profile_image_url_https":"https:\/\/si0.twimg.com\/profile_images\/1677214145\/331007715_normal.jpg","screen_name":"Adrian_Cse","listed_count":6,"verified":false,"profile_use_background_image":true,"url":"http:\/\/www.qechuchateimporta.com","time_zone":"Quito","profile_text_color":"333333","id":220569715,"id_str":"220569715","contributors_enabled":false,"profile_background_image_url":"http:\/\/a3.twimg.com\/profile_background_images\/264010981\/2441267062352500195.jpg","followers_count":415,"profile_image_url":"http:\/\/a2.twimg.com\/profile_images\/1677214145\/331007715_normal.jpg"},"retweeted":false,"truncated":false,"entities":{"urls":[],"hashtags":[],"user_mentions":[]},"source":"\u003Ca href=\"http:\/\/ubersocial.com\" rel=\"nofollow\"\u003EUberSocial for BlackBerry\u003C\/a\u003E","id":144179670630400000,"id_str":"144179670630400000","text":"Y ya lo ve, y ya lo ve! El que no Retuitea No es de Emelec!!"},{"retweet_count":0,"favorited":false,"created_at":"Tue Dec 06 22:21:26 +0000 2011","user":{"profile_link_color":"ff00ae","protected":false,"default_profile_image":false,"following":true,"created_at":"Mon Nov 14 14:17:25 +0000 2011","friends_count":94,"name":"Tht Bitch___Mirahh ,","notifications":false,"profile_background_color":"642D8B","is_translator":false,"statuses_count":253,"profile_background_tile":true,"utc_offset":null,"description":"\u200e, Follow a REAL bitchhh @Beauty_Mirah \u2665 imma follow backk doeee ?` Simply Beautiful (Mirahh )\r\n\r\n\u263b \u2665\u263b\r\n\/\u2588\\.\/\u2588\\ \r\n.||. .||. T a k e n '","default_profile":false,"profile_background_image_url_https":"https:\/\/si0.twimg.com\/profile_background_images\/371911266\/311520_206821182708056_100001405288487_527713_5677025_n__18_.jpg","favourites_count":0,"profile_sidebar_fill_color":"a97ced","follow_request_sent":true,"geo_enabled":false,"profile_sidebar_border_color":"66d5d9","location":"","show_all_inline_media":false,"lang":"en","profile_image_url_https":"https:\/\/si0.twimg.com\/profile_images\/1662775002\/379841_247431711982506_100001470361390_737322_191639635_n_normal.jpg","screen_name":"Beauty_Mirah","listed_count":0,"verified":false,"profile_use_background_image":true,"time_zone":null,"profile_text_color":"365cf5","id":412296859,"id_str":"412296859","contributors_enabled":false,"profile_background_image_url":"http:\/\/a3.twimg.com\/profile_background_images\/371911266\/311520_206821182708056_100001405288487_527713_5677025_n__18_.jpg","followers_count":71,"profile_image_url":"http:\/\/a2.twimg.com\/profile_images\/1662775002\/379841_247431711982506_100001470361390_737322_191639635_n_normal.jpg"},"retweeted":false,"truncated":false,"entities":{"urls":[],"hashtags":[],"user_mentions":[]},"source":"web","id":144179670018048000,"id_str":"144179670018048000","text":"iI Hate When Gurl  Call Yu Dey Sis Orr RiteHand Ndd They Wanna Tlk Bout Yu Behide Yall Bck Sayin O  iI Dnt Hang Wiff Her , Smh"},{"retweet_count":0,"favorited":false,"created_at":"Tue Dec 06 22:21:26 +0000 2011","user":{"profile_link_color":"0084B4","protected":false,"default_profile_image":false,"following":true,"created_at":"Tue Nov 29 02:18:55 +0000 2011","friends_count":11,"name":"\u307e\u3086\u3086\u3093","notifications":false,"profile_background_color":"C0DEED","is_translator":false,"statuses_count":131,"profile_background_tile":false,"utc_offset":32400,"description":"JK2\u306e\uff81\uff71\u90e8\u6240\u5c5e\u3002","default_profile":true,"profile_background_image_url_https":"https:\/\/si0.twimg.com\/images\/themes\/theme1\/bg.png","favourites_count":0,"profile_sidebar_fill_color":"DDEEF6","follow_request_sent":true,"geo_enabled":false,"profile_sidebar_border_color":"C0DEED","location":"","show_all_inline_media":false,"lang":"ja","profile_image_url_https":"https:\/\/si0.twimg.com\/profile_images\/1664209309\/image_normal.jpg","screen_name":"piyomau","listed_count":0,"verified":false,"profile_use_background_image":true,"time_zone":"Tokyo","profile_text_color":"333333","id":423894006,"id_str":"423894006","contributors_enabled":false,"profile_background_image_url":"http:\/\/a0.twimg.com\/images\/themes\/theme1\/bg.png","followers_count":9,"profile_image_url":"http:\/\/a2.twimg.com\/profile_images\/1664209309\/image_normal.jpg"},"retweeted":false,"truncated":false,"entities":{"urls":[],"hashtags":[],"user_mentions":[]},"source":"\u003Ca href=\"http:\/\/twtr.jp\" rel=\"nofollow\"\u003EKeitai Web\u003C\/a\u003E","id":144179669690880000,"id_str":"144179669690880000","text":"\u304a\u306f\u3088\u3001\u304a\u3084\u3059\u307f\u3002"},{"retweet_count":0,"favorited":false,"created_at":"Tue Dec 06 22:21:26 +0000 2011","user":{"profile_link_color":"009999","protected":false,"default_profile_image":false,"following":true,"created_at":"Wed Jan 12 20:46:14 +0000 2011","friends_count":189,"name":"Courtney Simmons","notifications":false,"profile_background_color":"131516","is_translator":false,"statuses_count":1111,"profile_background_tile":true,"utc_offset":null,"description":"","default_profile":false,"profile_background_image_url_https":"https:\/\/si0.twimg.com\/images\/themes\/theme14\/bg.gif","favourites_count":40,"profile_sidebar_fill_color":"efefef","follow_request_sent":true,"geo_enabled":false,"profile_sidebar_border_color":"eeeeee","location":"","show_all_inline_media":false,"lang":"en","profile_image_url_https":"https:\/\/si0.twimg.com\/profile_images\/1618741468\/profile_image_1320238417755_normal.jpg","screen_name":"_See_Sims","listed_count":0,"verified":false,"profile_use_background_image":true,"time_zone":null,"profile_text_color":"333333","id":237430721,"id_str":"237430721","contributors_enabled":false,"profile_background_image_url":"http:\/\/a1.twimg.com\/images\/themes\/theme14\/bg.gif","followers_count":79,"profile_image_url":"http:\/\/a1.twimg.com\/profile_images\/1618741468\/profile_image_1320238417755_normal.jpg"},"retweeted":false,"truncated":false,"entities":{"urls":[],"hashtags":[],"user_mentions":[]},"source":"\u003Ca href=\"http:\/\/ubersocial.com\" rel=\"nofollow\"\u003EUberSocial for Android\u003C\/a\u003E","id":144179669275648000,"id_str":"144179669275648000","text":"I just got off work and I see my ppl been talking shit all day."},{"retweet_count":0,"favorited":false,"created_at":"Tue Dec 06 22:21:26 +0000 2011","possibly_sensitive":false,"user":{"profile_link_color":"000000","protected":false,"default_profile_image":false,"following":true,"created_at":"Thu Oct 28 16:01:49 +0000 2010","friends_count":299,"name":"\u261c\u2550\u32e1 Eu te amo!","notifications":false,"profile_background_color":"ffffff","is_translator":false,"statuses_count":6187,"profile_background_tile":true,"utc_offset":-10800,"description":"A vida \u00e9 minha, mas o cora\u00e7\u00e3o.. \u00e9 seu. O sorriso \u00e9 meu, mas o motivo.. \u00e9 voc\u00ea. @thomasrestart. Recome\u00e7ando pela terceira vez,quem ama,nunca desiste. 04-11-11 \u2665","default_profile":false,"profile_background_image_url_https":"https:\/\/si0.twimg.com\/profile_background_images\/376916405\/stripe_f3abb839ab6e6e90b35c6315d976663c.png","favourites_count":69,"profile_sidebar_fill_color":"efefef","follow_request_sent":true,"geo_enabled":false,"profile_sidebar_border_color":"eeeeee","location":"Santos\/SP","show_all_inline_media":false,"lang":"en","profile_image_url_https":"https:\/\/si0.twimg.com\/profile_images\/1677195709\/meu_avatyar_normal.png","screen_name":"nextoyouthomas","listed_count":43,"verified":false,"profile_use_background_image":true,"url":"http:\/\/letters-for-thomas.tumblr.com","time_zone":"Greenland","profile_text_color":"e0e0e0","id":209142229,"id_str":"209142229","contributors_enabled":false,"profile_background_image_url":"http:\/\/a1.twimg.com\/profile_background_images\/376916405\/stripe_f3abb839ab6e6e90b35c6315d976663c.png","followers_count":708,"profile_image_url":"http:\/\/a1.twimg.com\/profile_images\/1677195709\/meu_avatyar_normal.png"},"retweeted":false,"truncated":false,"entities":{"urls":[{"expanded_url":"http:\/\/bit.ly\/s1M7s6","indices":[44,64],"url":"http:\/\/t.co\/QlSc81ex","display_url":"bit.ly\/s1M7s6"}],"hashtags":[],"user_mentions":[]},"source":"web","id":144179669057536000,"id_str":"144179669057536000","text":"Entrevista exclusiva com Pe Lu da Restart - http:\/\/t.co\/QlSc81ex"},{"retweet_count":0,"favorited":false,"created_at":"Tue Dec 06 22:21:25 +0000 2011","user":{"profile_link_color":"2FC2EF","protected":false,"default_profile_image":false,"following":true,"created_at":"Thu Oct 06 07:58:39 +0000 2011","friends_count":69,"name":"\u304a\u3080\u304a\u3080","notifications":false,"profile_background_color":"1A1B1F","is_translator":false,"statuses_count":1492,"profile_background_tile":true,"utc_offset":32400,"description":"TDG\u3067\u30b0\u30e9\u30d5\u30a3\u30c3\u30af\u30c7\u30b6\u30a4\u30f3\u5b66\u3073\u4e2d\u3067\u3059\u3063( \uff65\u03c9\uff65)\u30aa\u30e0\u30e9\u30a4\u30b9\u3068\u30de\u30e8\u30cd\u30fc\u30ba\u304c\u3059\u3054\u304f\u5927\u597d\u304d\u3067\u3059(*\u00b4_\uff40*)\u3088\u308d\u3057\u304f\u3067\u3059","default_profile":false,"profile_background_image_url_https":"https:\/\/si0.twimg.com\/images\/themes\/theme9\/bg.gif","favourites_count":0,"profile_sidebar_fill_color":"252429","follow_request_sent":true,"geo_enabled":false,"profile_sidebar_border_color":"181A1E","location":"\u30aa\u30e0\u30e9\u30a4\u30b9\u306e\u4e2d","show_all_inline_media":false,"lang":"ja","profile_image_url_https":"https:\/\/si0.twimg.com\/profile_images\/1575150809\/DCF00179_normal.jpg","screen_name":"omuomu52","listed_count":0,"verified":false,"profile_use_background_image":true,"time_zone":"Tokyo","profile_text_color":"666666","id":385858091,"id_str":"385858091","contributors_enabled":false,"profile_background_image_url":"http:\/\/a1.twimg.com\/images\/themes\/theme9\/bg.gif","followers_count":70,"profile_image_url":"http:\/\/a1.twimg.com\/profile_images\/1575150809\/DCF00179_normal.jpg"},"retweeted":false,"truncated":false,"entities":{"urls":[],"hashtags":[],"user_mentions":[]},"source":"\u003Ca href=\"http:\/\/twtr.jp\" rel=\"nofollow\"\u003EKeitai Web\u003C\/a\u003E","id":144179666654208000,"id_str":"144179666654208000","text":"\u8ab2\u984c\u7d42\u308f\u3089\u306a\u304b\u3063\u305f\u30fc\u2026\u6388\u696d\u5185\u63d0\u51fa\u3060\u304b\u3089\u306a\u3093\u3068\u304b\u306a\u308b\u3051\u3069\u7d19\u304c\u306a\u3042"},{"retweet_count":0,"favorited":false,"created_at":"Tue Dec 06 22:21:25 +0000 2011","user":{"profile_link_color":"948294","protected":false,"default_profile_image":false,"following":true,"created_at":"Mon May 09 05:36:22 +0000 2011","friends_count":350,"name":"Chuck Conkle","notifications":false,"profile_background_color":"3b6980","is_translator":false,"statuses_count":2156,"profile_background_tile":true,"utc_offset":-18000,"description":"the term Radmaster McFull On Sweetness gets tossed around a lot these days...","default_profile":false,"profile_background_image_url_https":"https:\/\/si0.twimg.com\/images\/themes\/theme14\/bg.gif","favourites_count":16,"profile_sidebar_fill_color":"c5d2d6","follow_request_sent":true,"geo_enabled":true,"profile_sidebar_border_color":"ffffff","location":"columbus OH","show_all_inline_media":false,"lang":"en","profile_image_url_https":"https:\/\/si0.twimg.com\/profile_images\/1454850214\/sentinel_normal.jpg","screen_name":"theFakeChuck","listed_count":3,"verified":false,"profile_use_background_image":true,"url":"http:\/\/www.facebook.com\/darthchQ","time_zone":"Eastern Time (US & Canada)","profile_text_color":"333333","id":295517737,"id_str":"295517737","contributors_enabled":false,"profile_background_image_url":"http:\/\/a1.twimg.com\/images\/themes\/theme14\/bg.gif","followers_count":113,"profile_image_url":"http:\/\/a1.twimg.com\/profile_images\/1454850214\/sentinel_normal.jpg"},"retweeted":false,"truncated":false,"entities":{"urls":[],"hashtags":[],"user_mentions":[]},"source":"\u003Ca href=\"http:\/\/twitter.com\/#!\/download\/iphone\" rel=\"nofollow\"\u003ETwitter for iPhone\u003C\/a\u003E","id":144179666129920000,"id_str":"144179666129920000","text":"My cousin's co-worker was killed in 9\/11 & that is definitely NOT someone i just made up to appear closer to the event."},{"retweet_count":0,"favorited":false,"created_at":"Tue Dec 06 22:21:25 +0000 2011","user":{"profile_link_color":"CC3366","protected":false,"default_profile_image":false,"following":true,"created_at":"Sat Mar 05 00:23:35 +0000 2011","friends_count":48,"name":"a @lepacheco_ \u00e9 minh","notifications":false,"profile_background_color":"DBE9ED","is_translator":false,"statuses_count":7792,"profile_background_tile":true,"utc_offset":-14400,"description":"Eu amo minha best @nataliamiki  muito, e amo meu japa nego @ryuum, e minha diva @annajapa_  , e a @lepacheco_ \u00e9 minha vida.s2","default_profile":false,"profile_background_image_url_https":"https:\/\/si0.twimg.com\/profile_background_images\/370650696\/bgbgbg.jpg","favourites_count":30,"profile_sidebar_fill_color":"E6F6F9","follow_request_sent":true,"geo_enabled":false,"profile_sidebar_border_color":"DBE9ED","location":"@renatoobotelhoo ","show_all_inline_media":false,"lang":"en","profile_image_url_https":"https:\/\/si0.twimg.com\/profile_images\/1671317726\/302913_221830101218881_100001756783420_527892_1636378468_a_normal.jpg","screen_name":"Giu_topeira","listed_count":0,"verified":false,"profile_use_background_image":true,"time_zone":"Santiago","profile_text_color":"333333","id":260974124,"id_str":"260974124","contributors_enabled":false,"profile_background_image_url":"http:\/\/a2.twimg.com\/profile_background_images\/370650696\/bgbgbg.jpg","followers_count":144,"profile_image_url":"http:\/\/a0.twimg.com\/profile_images\/1671317726\/302913_221830101218881_100001756783420_527892_1636378468_a_normal.jpg"},"retweeted":false,"truncated":false,"entities":{"urls":[],"hashtags":[],"user_mentions":[{"name":"Lucas Barros","indices":[12,26],"screen_name":"LucasBarros97","id":316512025,"id_str":"316512025"}]},"source":"web","id":144179665299456000,"id_str":"144179665299456000","text":"eu vi 20h20 @LucasBarros97"},{"retweet_count":0,"favorited":false,"created_at":"Tue Dec 06 22:21:24 +0000 2011","user":{"profile_link_color":"0084B4","protected":false,"default_profile_image":false,"following":true,"created_at":"Fri May 13 22:04:46 +0000 2011","friends_count":150,"name":"Renan ","notifications":false,"profile_background_color":"C0DEED","is_translator":false,"statuses_count":3405,"profile_background_tile":true,"utc_offset":-14400,"description":"renan da @tuti_frutt s2","default_profile":false,"profile_background_image_url_https":"https:\/\/si0.twimg.com\/profile_background_images\/374983673\/458198079.jpg","favourites_count":1,"profile_sidebar_fill_color":"DDEEF6","follow_request_sent":true,"geo_enabled":false,"profile_sidebar_border_color":"C0DEED","location":"","show_all_inline_media":false,"lang":"en","profile_image_url_https":"https:\/\/si0.twimg.com\/profile_images\/1528811915\/IMG00029_normal.jpg","screen_name":"Reenan_Vale","listed_count":0,"verified":false,"profile_use_background_image":true,"time_zone":"Santiago","profile_text_color":"333333","id":298199808,"id_str":"298199808","contributors_enabled":false,"profile_background_image_url":"http:\/\/a2.twimg.com\/profile_background_images\/374983673\/458198079.jpg","followers_count":137,"profile_image_url":"http:\/\/a3.twimg.com\/profile_images\/1528811915\/IMG00029_normal.jpg"},"retweeted":false,"truncated":false,"entities":{"urls":[],"hashtags":[],"user_mentions":[{"name":"rude demais, cuidado","indices":[2,13],"screen_name":"tuti_frutt","id":89217485,"id_str":"89217485"}]},"source":"web","id":144179662153728000,"id_str":"144179662153728000","text":"a @tuti_frutt  veio aqui me ver hooje (: hahaha"},{"retweet_count":0,"favorited":false,"created_at":"Tue Dec 06 22:21:24 +0000 2011","user":{"profile_link_color":"1234e0","protected":false,"default_profile_image":false,"following":true,"created_at":"Mon Apr 19 22:38:27 +0000 2010","friends_count":68,"name":"SarahMSalas","notifications":false,"profile_background_color":"3b5154","is_translator":false,"statuses_count":1751,"profile_background_tile":true,"utc_offset":-28800,"description":"KILLAh UNDERCOVER ","default_profile":false,"profile_background_image_url_https":"https:\/\/si0.twimg.com\/profile_background_images\/357594529\/samsung_mess_073.jpg","favourites_count":540,"profile_sidebar_fill_color":"000000","follow_request_sent":true,"geo_enabled":true,"profile_sidebar_border_color":"3d0a3d","location":" \u266a behind a Mic \u266a ","show_all_inline_media":true,"lang":"en","profile_image_url_https":"https:\/\/si0.twimg.com\/profile_images\/1673336134\/294432_256152014415006_100000606290327_972059_1510679_n_normal.jpg","screen_name":"sarybear22","listed_count":0,"verified":false,"profile_use_background_image":true,"url":"http:\/\/www.reverbnation.com\/#!\/sarahmarissa","time_zone":"Pacific Time (US & Canada)","profile_text_color":"d41e3c","id":134944657,"id_str":"134944657","contributors_enabled":false,"profile_background_image_url":"http:\/\/a1.twimg.com\/profile_background_images\/357594529\/samsung_mess_073.jpg","followers_count":81,"profile_image_url":"http:\/\/a3.twimg.com\/profile_images\/1673336134\/294432_256152014415006_100000606290327_972059_1510679_n_normal.jpg"},"retweeted":false,"truncated":false,"entities":{"urls":[],"hashtags":[{"indices":[0,26],"text":"YouKnowAFatPersonInvented"}],"user_mentions":[]},"source":"web","id":144179660996096000,"id_str":"144179660996096000","text":"#YouKnowAFatPersonInvented the Car Stereo Remote....Like wtf realy?"},{"id_str":"144179660362752000","created_at":"Tue Dec 06 22:21:24 +0000 2011","retweet_count":0,"favorited":false,"user":{"time_zone":null,"profile_text_color":"3D1957","protected":false,"id_str":"282017664","contributors_enabled":false,"following":false,"profile_background_image_url":"http:\/\/a1.twimg.com\/profile_background_images\/361652875\/33045507467241-CharcoalDamask.jpg","created_at":"Thu Apr 14 12:02:38 +0000 2011","followers_count":21,"profile_image_url":"http:\/\/a0.twimg.com\/profile_images\/1632165317\/2008759090xrtujeujh_normal.jpg","name":"conchita gallion","default_profile":false,"notifications":false,"profile_link_color":"FF0000","default_profile_image":false,"utc_offset":null,"friends_count":144,"description":"Kareoke queen, huge fan of all things social media, football crazy, and a very loyal to my friends","profile_background_color":"642D8B","is_translator":false,"statuses_count":31,"profile_background_tile":true,"profile_background_image_url_https":"https:\/\/si0.twimg.com\/profile_background_images\/361652875\/33045507467241-CharcoalDamask.jpg","favourites_count":0,"profile_sidebar_fill_color":"7AC3EE","location":"","follow_request_sent":false,"lang":"en","geo_enabled":false,"screen_name":"conchitaahgalli","profile_sidebar_border_color":"65B0DA","show_all_inline_media":false,"profile_image_url_https":"https:\/\/si0.twimg.com\/profile_images\/1632165317\/2008759090xrtujeujh_normal.jpg","id":282017664,"listed_count":0,"verified":false,"profile_use_background_image":true},"entities":{"urls":[],"hashtags":[],"user_mentions":[]},"retweeted":false,"truncated":false,"source":"web","id":144179660362752000,"text":"I detest going to the garage to get my car fixed, I always end up getting ripped off. :("},{"retweet_count":0,"favorited":false,"created_at":"Tue Dec 06 22:21:24 +0000 2011","user":{"profile_link_color":"ff6eff","protected":false,"default_profile_image":false,"following":true,"created_at":"Thu Oct 07 21:16:47 +0000 2010","friends_count":302,"name":"\ue12f\ue12fYC\ue12f\ue12f","notifications":false,"profile_background_color":"000000","is_translator":false,"statuses_count":2990,"profile_background_tile":true,"utc_offset":-18000,"description":"For Flyers,Cd Covers,Logo's,Posters,& etc. Email me at ryn_richmond@yahoo.com #TeamHIM #TeamSelfMade #TeamPaperChaser","default_profile":false,"profile_background_image_url_https":"https:\/\/si0.twimg.com\/profile_background_images\/367539460\/TWITTER.jpg","favourites_count":4,"profile_sidebar_fill_color":"000000","follow_request_sent":true,"geo_enabled":false,"profile_sidebar_border_color":"9e9da3","location":"Rhode\ue12fTo\ue12fRiches","show_all_inline_media":false,"lang":"en","profile_image_url_https":"https:\/\/si0.twimg.com\/profile_images\/1677869109\/image_normal.jpg","screen_name":"SELF_MADE_HIM","listed_count":0,"verified":false,"profile_use_background_image":true,"time_zone":"Quito","profile_text_color":"a8a3a3","id":199841786,"id_str":"199841786","contributors_enabled":false,"profile_background_image_url":"http:\/\/a2.twimg.com\/profile_background_images\/367539460\/TWITTER.jpg","followers_count":320,"profile_image_url":"http:\/\/a2.twimg.com\/profile_images\/1677869109\/image_normal.jpg"},"retweeted":false,"truncated":false,"entities":{"urls":[],"hashtags":[],"user_mentions":[]},"source":"\u003Ca href=\"http:\/\/twitter.com\/#!\/download\/iphone\" rel=\"nofollow\"\u003ETwitter for iPhone\u003C\/a\u003E","id":144179660144640000,"id_str":"144179660144640000","text":"I tell em fall back cuz if u hate u get put in a box quick"},{"retweet_count":0,"favorited":false,"created_at":"Tue Dec 06 22:21:24 +0000 2011","user":{"profile_link_color":"B40B43","protected":false,"default_profile_image":false,"following":false,"created_at":"Sat Jun 04 18:27:50 +0000 2011","friends_count":125,"name":"\u2665Sexy Chica\u2665","notifications":false,"profile_background_color":"FF6699","is_translator":false,"statuses_count":3028,"profile_background_tile":true,"utc_offset":-21600,"description":"I'm a beautiful, independent, hard-working young woman....often imitated but never duplicated ;) ","default_profile":false,"profile_background_image_url_https":"https:\/\/si0.twimg.com\/images\/themes\/theme11\/bg.gif","favourites_count":7,"profile_sidebar_fill_color":"E5507E","follow_request_sent":false,"geo_enabled":false,"profile_sidebar_border_color":"CC3366","location":"\u2606Land of the Five Star Chic\u2606","show_all_inline_media":false,"lang":"en","profile_image_url_https":"https:\/\/si0.twimg.com\/profile_images\/1493619085\/IMG-20110813-00178_normal.jpg","screen_name":"_MzYella","listed_count":2,"verified":false,"profile_use_background_image":true,"time_zone":"Central Time (US & Canada)","profile_text_color":"362720","id":310996869,"id_str":"310996869","contributors_enabled":false,"profile_background_image_url":"http:\/\/a1.twimg.com\/images\/themes\/theme11\/bg.gif","followers_count":128,"profile_image_url":"http:\/\/a2.twimg.com\/profile_images\/1493619085\/IMG-20110813-00178_normal.jpg"},"retweeted":false,"truncated":false,"entities":{"urls":[],"hashtags":[],"user_mentions":[]},"source":"\u003Ca href=\"http:\/\/blackberry.com\/twitter\" rel=\"nofollow\"\u003ETwitter for BlackBerry\u00ae\u003C\/a\u003E","id":144179659096064000,"id_str":"144179659096064000","text":"Just had a heart to heart with my son..damn near had me in tears"},{"retweet_count":0,"favorited":false,"created_at":"Tue Dec 06 22:21:23 +0000 2011","possibly_sensitive":false,"user":{"profile_link_color":"FF0000","protected":false,"default_profile_image":false,"following":true,"created_at":"Sat Aug 20 14:36:52 +0000 2011","friends_count":1985,"name":"\u2588\u2764END\u2764THE\u2764WARS\u2764\u2588 ","notifications":false,"profile_background_color":"BADFCD","is_translator":false,"statuses_count":8812,"profile_background_tile":true,"utc_offset":-18000,"description":"\u25ba\u273f\u2122#OWS #TFB\u2122\u273f\u25baEND THE PATRIOT ACT\u2714 END THE FED\u2714 RE-ENACT THE GLASS STEAGALL ACT\u2714 INTRODUCE INTEREST FREE ISSUED MONEY\u2714 END OBAMA NIGHTMARE\u2714 \u255a\u25ba(\u273f\u25e0\u203f\u25e0)\/ \t\\(\u25d5\u203f\u25d5\u273f) ","default_profile":false,"profile_background_image_url_https":"https:\/\/si0.twimg.com\/profile_background_images\/343771946\/a_debt_free_world_2012.jpg","favourites_count":397,"profile_sidebar_fill_color":"FFF7CC","follow_request_sent":true,"geo_enabled":false,"profile_sidebar_border_color":"F2E195","location":"Demand Open Source Governance\u2714","show_all_inline_media":true,"lang":"en","profile_image_url_https":"https:\/\/si0.twimg.com\/profile_images\/1588061277\/BANKER_normal.jpg","screen_name":"Vote_Online","listed_count":33,"verified":false,"profile_use_background_image":true,"url":"http:\/\/www.usdebtclock.org\/","time_zone":"Quito","profile_text_color":"0C3E53","id":358799866,"id_str":"358799866","contributors_enabled":false,"profile_background_image_url":"http:\/\/a2.twimg.com\/profile_background_images\/343771946\/a_debt_free_world_2012.jpg","followers_count":1776,"profile_image_url":"http:\/\/a2.twimg.com\/profile_images\/1588061277\/BANKER_normal.jpg"},"retweeted":false,"truncated":false,"entities":{"urls":[{"expanded_url":"http:\/\/bit.ly\/sKu0uN","indices":[116,136],"url":"http:\/\/t.co\/kSQGfZqb","display_url":"bit.ly\/sKu0uN"}],"hashtags":[],"user_mentions":[{"name":"\u2588\u2764END\u2764THE\u2764WARS\u2764\u2588 ","indices":[3,15],"screen_name":"Vote_Online","id":358799866,"id_str":"358799866"}]},"source":"\u003Ca href=\"http:\/\/twitterfeed.com\" rel=\"nofollow\"\u003Etwitterfeed\u003C\/a\u003E","id":144179657959424000,"id_str":"144179657959424000","text":"Rt @Vote_Online What If Donald Trump Held a Debate But the Candidates Didn't Show up? [Donald Trump]: \n\t\t\t\t\t\t\t\t\t... http:\/\/t.co\/kSQGfZqb"},{"id_str":"144179656801792000","created_at":"Tue Dec 06 22:21:24 +0000 2011","retweet_count":0,"favorited":false,"possibly_sensitive":false,"user":{"time_zone":"Central Time (US & Canada)","profile_text_color":"141314","protected":false,"id_str":"39401120","contributors_enabled":false,"following":false,"profile_background_image_url":"http:\/\/a2.twimg.com\/profile_background_images\/367790270\/delores.jpeg","created_at":"Tue May 12 01:40:40 +0000 2009","followers_count":493,"profile_image_url":"http:\/\/a1.twimg.com\/profile_images\/1644064362\/Aeei1NuCMAEVzuq__1__normal.jpg","name":"William Wildfire","default_profile":false,"notifications":false,"profile_link_color":"0a0a0a","default_profile_image":false,"utc_offset":-21600,"friends_count":331,"description":"i fantasized about this back in Chicago...","profile_background_color":"9AE4E8","is_translator":false,"statuses_count":19221,"profile_background_tile":true,"profile_background_image_url_https":"https:\/\/si0.twimg.com\/profile_background_images\/367790270\/delores.jpeg","favourites_count":17,"profile_sidebar_fill_color":"faeb41","location":"Harvey,IL\/ Howard U","follow_request_sent":false,"lang":"en","geo_enabled":true,"screen_name":"tripleOGstatus","profile_sidebar_border_color":"122aff","url":"http:\/\/chickengofor30.tumblr.com\/","show_all_inline_media":false,"profile_image_url_https":"https:\/\/si0.twimg.com\/profile_images\/1644064362\/Aeei1NuCMAEVzuq__1__normal.jpg","id":39401120,"listed_count":2,"verified":false,"profile_use_background_image":true},"entities":{"urls":[],"hashtags":[],"media":[{"type":"photo","display_url":"pic.twitter.com\/AQUh4MjM","id_str":"144179656805986304","media_url_https":"https:\/\/p.twimg.com\/AgA6okvCMAAmcvI.jpg","indices":[2,22],"expanded_url":"http:\/\/twitter.com\/tripleOGstatus\/status\/144179656801792000\/photo\/1","url":"http:\/\/t.co\/AQUh4MjM","id":144179656805986304,"media_url":"http:\/\/p.twimg.com\/AgA6okvCMAAmcvI.jpg","sizes":{"small":{"h":455,"w":340,"resize":"fit"},"large":{"h":648,"w":484,"resize":"fit"},"thumb":{"h":150,"w":150,"resize":"crop"},"medium":{"h":648,"w":484,"resize":"fit"}}}],"user_mentions":[]},"retweeted":false,"truncated":false,"source":"\u003Ca href=\"http:\/\/www.apple.com\" rel=\"nofollow\"\u003EPhotos on iOS\u003C\/a\u003E","id":144179656801792000,"text":"B http:\/\/t.co\/AQUh4MjM"},{"retweet_count":0,"favorited":false,"created_at":"Tue Dec 06 22:21:23 +0000 2011","user":{"profile_link_color":"a1092c","protected":false,"default_profile_image":false,"following":true,"created_at":"Sat Apr 18 04:03:20 +0000 2009","friends_count":325,"name":"stephanie soto","notifications":false,"profile_background_color":"f5f0f0","is_translator":false,"statuses_count":15526,"profile_background_tile":true,"utc_offset":-28800,"description":"' baddest women in the heart of the south ' - drake . \r\nbiochem major -future pharm school student\r\nBLESSED . GIFTED && THANKFUL ","default_profile":false,"profile_background_image_url_https":"https:\/\/si0.twimg.com\/profile_background_images\/376725554\/tumblr_lu3prpkyxi1qeg9v4o1_500.png","favourites_count":10,"profile_sidebar_fill_color":"855d5e","follow_request_sent":true,"geo_enabled":true,"profile_sidebar_border_color":"000000","location":"tx born&raised UofAZ student ","show_all_inline_media":true,"lang":"en","profile_image_url_https":"https:\/\/si0.twimg.com\/profile_images\/1608460179\/Photo_on_2011-10-26_at_16.05_normal.jpg","screen_name":"MiSS_SOTO","listed_count":4,"verified":false,"profile_use_background_image":true,"url":"http:\/\/miss-soto.tumblr.com\/","time_zone":"Pacific Time (US & Canada)","profile_text_color":"db0d3d","id":32773999,"id_str":"32773999","contributors_enabled":false,"profile_background_image_url":"http:\/\/a0.twimg.com\/profile_background_images\/376725554\/tumblr_lu3prpkyxi1qeg9v4o1_500.png","followers_count":585,"profile_image_url":"http:\/\/a0.twimg.com\/profile_images\/1608460179\/Photo_on_2011-10-26_at_16.05_normal.jpg"},"retweeted":false,"truncated":false,"entities":{"urls":[],"hashtags":[],"user_mentions":[]},"source":"\u003Ca href=\"http:\/\/levelupstudio.com\" rel=\"nofollow\"\u003EPlume\u00a0\u00a0\u003C\/a\u003E","id":144179656474624000,"id_str":"144179656474624000","text":"Hope you all are having a blessed day! : )"},{"retweet_count":0,"favorited":false,"created_at":"Tue Dec 06 22:21:23 +0000 2011","user":{"profile_link_color":"4beb3d","protected":false,"default_profile_image":false,"following":true,"created_at":"Mon Feb 28 05:23:44 +0000 2011","friends_count":73,"name":"Lourdes Tyla Sagum","notifications":false,"profile_background_color":"0a0a0a","is_translator":false,"statuses_count":229,"profile_background_tile":true,"utc_offset":14400,"description":"Write it on your heart that every day is the best day in the year.Keep love in your heart. A life without it is like a sunless garden when the flowers are dead.","default_profile":false,"profile_background_image_url_https":"https:\/\/si0.twimg.com\/profile_background_images\/211200950\/don_022.jpg","favourites_count":4,"profile_sidebar_fill_color":"114513","follow_request_sent":true,"geo_enabled":true,"profile_sidebar_border_color":"22f2be","location":"Philippines","show_all_inline_media":true,"lang":"en","profile_image_url_https":"https:\/\/si0.twimg.com\/profile_images\/1589730468\/image_normal.jpg","screen_name":"tylabayot","listed_count":0,"verified":false,"profile_use_background_image":true,"time_zone":"Abu Dhabi","profile_text_color":"0c9e11","id":258657307,"id_str":"258657307","contributors_enabled":false,"profile_background_image_url":"http:\/\/a3.twimg.com\/profile_background_images\/211200950\/don_022.jpg","followers_count":36,"profile_image_url":"http:\/\/a2.twimg.com\/profile_images\/1589730468\/image_normal.jpg"},"retweeted":false,"truncated":false,"entities":{"urls":[],"hashtags":[{"indices":[0,9],"text":"highnoon"},{"indices":[10,20],"text":"ninjasaga"}],"user_mentions":[{"name":"Jamich","indices":[25,37],"screen_name":"ilovejamich","id":316296994,"id_str":"316296994"}]},"source":"\u003Ca href=\"http:\/\/twitter.com\/#!\/download\/iphone\" rel=\"nofollow\"\u003ETwitter for iPhone\u003C\/a\u003E","id":144179655535104000,"id_str":"144179655535104000","text":"#highnoon #ninjasaga :)) @ilovejamich naman :)) &lt;3"},{"id_str":"144179654813696000","created_at":"Tue Dec 06 22:21:23 +0000 2011","retweet_count":0,"favorited":false,"user":{"time_zone":"Pacific Time (US & Canada)","profile_text_color":"000000","protected":false,"id_str":"332456750","contributors_enabled":false,"following":false,"profile_background_image_url":"http:\/\/a0.twimg.com\/images\/themes\/theme1\/bg.png","created_at":"Sat Jul 09 21:01:43 +0000 2011","followers_count":90,"profile_image_url":"http:\/\/a0.twimg.com\/profile_images\/1666868564\/6H7uSFpa_normal","name":"Bryana LeBlanc","default_profile":false,"notifications":false,"profile_link_color":"ff0099","default_profile_image":false,"utc_offset":-28800,"friends_count":145,"description":"You Dont Need To Know Shyt Abt Me x] K? :) Thanks :D","profile_background_color":"000000","is_translator":false,"statuses_count":1036,"profile_background_tile":false,"profile_background_image_url_https":"https:\/\/si0.twimg.com\/images\/themes\/theme1\/bg.png","favourites_count":4,"profile_sidebar_fill_color":"4a464a","location":"CaL~E","follow_request_sent":false,"lang":"en","geo_enabled":true,"screen_name":"iBreBanggin","profile_sidebar_border_color":"000000","url":"http:\/\/www.facebook.com\/?ref=home#!\/PeaNana","show_all_inline_media":false,"profile_image_url_https":"https:\/\/si0.twimg.com\/profile_images\/1666868564\/6H7uSFpa_normal","id":332456750,"listed_count":0,"verified":false,"profile_use_background_image":false},"entities":{"urls":[],"hashtags":[],"user_mentions":[]},"retweeted":false,"truncated":false,"source":"\u003Ca href=\"http:\/\/twitter.com\/download\/android\" rel=\"nofollow\"\u003ETwitter for Android\u003C\/a\u003E","id":144179654813696000,"text":"The Questions Not Why, The Questions Why Not ??"},{"id_str":"144179654289408000","created_at":"Tue Dec 06 22:21:22 +0000 2011","retweet_count":0,"favorited":false,"user":{"time_zone":"Santiago","profile_text_color":"333333","protected":false,"id_str":"288936501","contributors_enabled":false,"following":false,"profile_background_image_url":"http:\/\/a1.twimg.com\/images\/themes\/theme14\/bg.gif","created_at":"Wed Apr 27 18:25:37 +0000 2011","followers_count":52,"profile_image_url":"http:\/\/a0.twimg.com\/profile_images\/1328611258\/Foto_032711_001_normal.jpg","name":"Anderson","default_profile":false,"notifications":false,"profile_link_color":"009999","default_profile_image":false,"utc_offset":-14400,"friends_count":123,"description":"","profile_background_color":"131516","is_translator":false,"statuses_count":595,"profile_background_tile":true,"profile_background_image_url_https":"https:\/\/si0.twimg.com\/images\/themes\/theme14\/bg.gif","favourites_count":0,"profile_sidebar_fill_color":"efefef","location":"guarulhos","follow_request_sent":false,"lang":"pt","geo_enabled":false,"screen_name":"andinho_verdao","profile_sidebar_border_color":"eeeeee","show_all_inline_media":false,"profile_image_url_https":"https:\/\/si0.twimg.com\/profile_images\/1328611258\/Foto_032711_001_normal.jpg","id":288936501,"listed_count":0,"verified":false,"profile_use_background_image":true},"entities":{"urls":[],"hashtags":[{"indices":[0,23],"text":"euvoutentandoteagarrar"}],"user_mentions":[]},"retweeted":false,"truncated":false,"source":"web","id":144179654289408000,"text":"#euvoutentandoteagarrar gustavo lima"}],"search_metadata": { "completed_in": 0.087, "max_id": 505874924095815700, "max_id_str": "505874924095815681", "next_results": "?max_id=505874847260352512&q=%E4%B8%80&count=100&include_entities=1", "query": "%E4%B8%80", "refresh_url": "?since_id=505874924095815681&q=%E4%B8%80&include_entities=1", "count": 100, "since_id": 0, "since_id_str": "0" }}
